{"cameraMode":{"drawMode":0,"name":"Shaded","section":"Shading Mode"},"sceneLighting":true,"audioPlay":false,"sceneViewState":{"showFog":false,"showMaterialUpdate":false,"showSkybox":false,"showFlares":false,"showImageEffects":false,"showParticleSystems":false},"in2DMode":false,"pivot":{"x":42.29756164550781,"y":29.040157318115236,"z":66.67213439941406},"rotation":{"x":0.1739145666360855,"y":-0.8260511159896851,"z":0.37485286593437197,"w":0.38325077295303347},"size":3339.649658203125,"orthographic":true}