{"cameraMode":{"drawMode":0,"name":"Shaded","section":"Shading Mode"},"sceneLighting":false,"audioPlay":false,"sceneViewState":{"showFog":true,"showMaterialUpdate":false,"showSkybox":false,"showFlares":true,"showImageEffects":true,"showParticleSystems":true},"in2DMode":false,"pivot":{"x":2.3027212619781496,"y":7.692981719970703,"z":-9.018325805664063},"rotation":{"x":-0.09316078573465347,"y":0.017022067680954934,"z":-0.0015929433284327388,"w":-0.9955046772956848},"size":2.8578836917877199,"orthographic":false}