{"cameraMode":{"drawMode":0,"name":"Shaded","section":"Shading Mode"},"sceneLighting":true,"audioPlay":false,"sceneViewState":{"showFog":true,"showMaterialUpdate":false,"showSkybox":true,"showFlares":true,"showImageEffects":true,"showParticleSystems":true},"in2DMode":false,"pivot":{"x":46.55304718017578,"y":13.919898986816407,"z":7.306816577911377},"rotation":{"x":-0.05271579697728157,"y":0.44147789478302,"z":-0.02599313296377659,"w":-0.89534592628479},"size":114.94021606445313,"orthographic":false}