{"cameraMode":{"drawMode":0,"name":"Shaded","section":"Shading Mode"},"sceneLighting":true,"audioPlay":false,"sceneViewState":{"showFog":true,"showMaterialUpdate":false,"showSkybox":true,"showFlares":true,"showImageEffects":true,"showParticleSystems":true},"in2DMode":false,"pivot":{"x":-0.3911057412624359,"y":-0.26071253418922427,"z":0.15286730229854585},"rotation":{"x":-0.22648797929286958,"y":0.5422765016555786,"z":-0.15464870631694795,"w":-0.7941809892654419},"size":3228.403076171875,"orthographic":false}